{
  "schemaNamespace": "gameAPI",
  "input": {
    "operationSearchPaths": ["**/*.graphql"],
    "schemaSearchPaths": ["**/*.graphqls"]
  },
  "schemaDownloadConfiguration": {
    "downloadMethod": {
      "introspection": {
        "endpointURL": "https://score-dev.cornellappdev.com/graphql",
        "httpMethod": {
          "POST": {}
        },
        "includeDeprecatedInputValues": false,
        "outputFormat": "SDL"
      }
    },
    "downloadTimeout": 60,
    "headers": [],
    "outputPath": "../score-ios/Models/GraphQL/schema.graphqls"
  },
  "output": {
    "testMocks": {
      "none": {}
    },
    "schemaTypes": {
      "path": "./gameAPI",
      "moduleType": {
        "swiftPackageManager": {}
      }
    },
    "operations": {
      "inSchemaModule": {}
    }
  }
}
